Date,Heure,Nom,Sport,Categorie,Sexe
2025-02-02,17h00,test User 2,Badminton,Raquettes,Femme
2025-02-02,18h00,test User 2,Renforcement,Fitness,Femme
2025-02-02,17h00,test User 2,Badminton,Raquettes,Femme
2025-02-02,12h00,Allan Barbot,Badminton,Raquettes,Homme
2025-02-03,12h00,Antony Lascombes,Squash,Raquettes,Homme
2025-02-03,17h00,Antony Lascombes,Escalade,Agilité,Homme
2025-02-02,17h00,test User 2,Badminton,Raquettes,Femme
2025-02-06,18h00,test coach,Renforcement,Fitness,Femme
2025-02-07,17h15,test User,Step,Fitness,Homme
2025-02-08,17h00,test User,Badminton,Raquettes,Homme
2025-02-16,17h00,test User,Badminton,Raquettes,Homme
2025-02-17,12h00,Antony Lascombes,Badminton,Raquettes,Homme
2025-02-17,12h00,Antony Lascombes,Badminton,Raquettes,Homme
2025-02-17,12h00,test User,Badminton,Raquettes,Homme
2025-02-21,12h15,test User,Renforcement,Fitness,Homme
2025-02-21,13h00,test User,Stretching,Bien-être,Homme
2025-02-21,07h00 - 20h00,test User,Musculation,Sport en Autonomie,Homme
2025-02-21,07h00 - 20h00,test User,Cardio,Sport en Autonomie,Homme